{"cameraMode":{"drawMode":0,"name":"Shaded","section":"Shading Mode"},"sceneLighting":true,"audioPlay":false,"sceneViewState":{"m_AlwaysRefresh":false,"showFog":true,"showSkybox":true,"showFlares":true,"showImageEffects":true,"showParticleSystems":true,"showVisualEffectGraphs":true,"m_FxEnabled":true},"in2DMode":false,"pivot":{"x":397.7231750488281,"y":183.9553985595703,"z":0.043304443359375},"rotation":{"x":-0.00569027429446578,"y":-0.003004760015755892,"z":-0.000017063686755136587,"w":0.9999793767929077},"size":170.45330810546876,"orthographic":false}